ticker,close_date,close_price,date_after_gap,price_after_gap,change_price_after_gap
ABRD,2021-07-12 00:00:00,201.5,2021-08-11 00:00:00,195.0,0.967741935483871
ABRD,2022-07-08 00:00:00,175.0,2022-08-07 00:00:00,172.0,0.9828571428571428
ABRD,2023-07-17 00:00:00,334.0,2023-08-16 00:00:00,332.4,0.9952095808383232
AFKS,2021-07-15 00:00:00,30.07,2021-08-14 00:00:00,29.435,0.9788826072497504
AFKS,2023-07-19 00:00:00,17.648,2023-08-18 00:00:00,17.864,1.012239347234814
AGRO,2021-04-16 00:00:00,901.0,2021-05-16 00:00:00,920.0,1.021087680355161
AGRO,2021-09-10 00:00:00,1167.6,2021-10-10 00:00:00,1224.2,1.048475505310038
ALRS,2021-07-04 00:00:00,124.74,2021-08-03 00:00:00,135.09,1.0829725829725831
ALRS,2021-10-19 00:00:00,132.76,2021-11-18 00:00:00,134.5,1.0131063573365473
ALRS,2023-10-18 00:00:00,72.82,2023-11-17 00:00:00,66.66,0.9154078549848944
AQUA,2021-07-11 00:00:00,379.5,2021-08-10 00:00:00,469.5,1.2371541501976284
AQUA,2021-09-21 00:00:00,475.5,2021-10-21 00:00:00,562.5,1.1829652996845426
AQUA,2021-12-20 00:00:00,541.5,2022-01-19 00:00:00,603.0,1.113573407202216
AQUA,2022-07-11 00:00:00,512.0,2022-08-10 00:00:00,553.0,1.080078125
AQUA,2022-09-11 00:00:00,641.5,2022-10-11 00:00:00,540.5,0.8425565081839439
AQUA,2022-12-18 00:00:00,581.0,2023-01-17 00:00:00,605.0,1.0413080895008606
AQUA,2023-07-11 00:00:00,633.0,2023-08-10 00:00:00,804.0,1.2701421800947867
AQUA,2023-09-22 00:00:00,893.0,2023-10-22 00:00:00,966.0,1.0817469204927213
AQUA,2023-12-09 00:00:00,788.5,2024-01-08 00:00:00,892.0,1.1312618896639188
ARSA,2021-07-05 00:00:00,5.84,2021-08-04 00:00:00,6.34,1.0856164383561644
AVAN,2021-04-26 00:00:00,1120.0,2021-05-26 00:00:00,1130.0,1.0089285714285714
AVAN,2021-09-06 00:00:00,1150.0,2021-10-06 00:00:00,1115.0,0.9695652173913044
AVAN,2021-12-12 00:00:00,1045.0,2022-01-11 00:00:00,1020.0,0.9760765550239234
AVAN,2022-11-28 00:00:00,980.0,2022-12-28 00:00:00,955.0,0.9744897959183674
AVAN,2023-02-14 00:00:00,1425.0,2023-03-16 00:00:00,1075.0,0.7543859649122807
AVAN,2023-05-22 00:00:00,1065.0,2023-06-21 00:00:00,1155.0,1.0845070422535212
AVAN,2023-09-25 00:00:00,1072.0,2023-10-25 00:00:00,1156.0,1.078358208955224
AVAN,2023-11-23 00:00:00,1052.0,2023-12-23 00:00:00,982.0,0.9334600760456274
BANE,2021-07-14 00:00:00,1500.0,2021-08-13 00:00:00,1397.0,0.9313333333333332
BANE,2022-07-11 00:00:00,1012.5,2022-08-10 00:00:00,990.0,0.9777777777777776
BANE,2023-07-07 00:00:00,1841.0,2023-08-06 00:00:00,1904.0,1.0342205323193916
BANEP,2021-07-14 00:00:00,1064.0,2021-08-13 00:00:00,1052.5,0.9891917293233082
BANEP,2022-07-11 00:00:00,715.0,2022-08-10 00:00:00,649.0,0.9076923076923076
BANEP,2023-07-07 00:00:00,1366.0,2023-08-06 00:00:00,1394.0,1.020497803806735
BISVP,2021-07-15 00:00:00,8.56,2021-08-14 00:00:00,8.35,0.975467289719626
BISVP,2022-01-13 00:00:00,9.13,2022-02-12 00:00:00,7.94,0.8696604600219058
BISVP,2022-07-15 00:00:00,6.92,2022-08-14 00:00:00,7.8,1.1271676300578035
BISVP,2023-01-13 00:00:00,8.58,2023-02-12 00:00:00,8.64,1.006993006993007
BSPB,2021-06-07 00:00:00,71.55,2021-07-07 00:00:00,66.07,0.9234102026554856
BSPB,2022-06-14 00:00:00,67.92,2022-07-14 00:00:00,67.57,0.9948468786808008
BSPB,2022-08-29 00:00:00,92.4,2022-09-28 00:00:00,77.11,0.8345238095238094
BSPB,2023-05-10 00:00:00,146.05,2023-06-09 00:00:00,167.11,1.1441971927422117
BSPB,2023-10-09 00:00:00,262.38,2023-11-08 00:00:00,263.62,1.004725969967223
BSPBP,2021-06-07 00:00:00,23.04,2021-07-07 00:00:00,20.62,0.8949652777777779
BSPBP,2022-06-14 00:00:00,12.7,2022-07-14 00:00:00,13.25,1.0433070866141734
BSPBP,2022-08-29 00:00:00,15.4,2022-09-28 00:00:00,13.4,0.8701298701298701
BSPBP,2023-05-10 00:00:00,27.7,2023-06-09 00:00:00,77.6,2.8014440433212995
BSPBP,2023-10-09 00:00:00,63.8,2023-11-08 00:00:00,64.85,1.0164576802507836
CHKZ,2021-12-20 00:00:00,6200.0,2022-01-19 00:00:00,5700.0,0.9193548387096774
CHMF,2021-06-01 00:00:00,1695.2,2021-07-01 00:00:00,1570.0,0.9261444077394996
CHMF,2021-09-02 00:00:00,1671.8,2021-10-02 00:00:00,1504.8,0.9001076683813853
CHMF,2021-12-14 00:00:00,1466.2,2022-01-13 00:00:00,1570.4,1.071068067112263
CNTL,2021-06-18 00:00:00,15.62,2021-07-18 00:00:00,14.3,0.915492957746479
CNTL,2022-07-04 00:00:00,9.38,2022-08-03 00:00:00,9.18,0.9786780383795308
CNTLP,2021-06-18 00:00:00,12.04,2021-07-18 00:00:00,10.26,0.8521594684385383
CNTLP,2022-07-04 00:00:00,7.46,2022-08-03 00:00:00,6.96,0.9329758713136728
DIOD,2021-07-18 00:00:00,8.38,2021-08-17 00:00:00,8.6,1.026252983293556
DIOD,2022-07-04 00:00:00,7.4,2022-08-03 00:00:00,7.34,0.991891891891892
DIOD,2023-07-07 00:00:00,11.76,2023-08-06 00:00:00,14.38,1.2227891156462587
EELT,2021-07-09 00:00:00,7.46,2021-08-08 00:00:00,7.52,1.0080428954423593
EELT,2022-10-12 00:00:00,5.08,2022-11-11 00:00:00,5.3,1.0433070866141732
EELT,2023-07-07 00:00:00,12.18,2023-08-06 00:00:00,13.14,1.078817733990148
EELT,2023-12-18 00:00:00,12.76,2024-01-17 00:00:00,13.34,1.0454545454545454
FEES,2021-07-16 00:00:00,0.20736,2021-08-15 00:00:00,0.19628,0.9465663580246916
FIVE,2021-05-28 00:00:00,2204.0,2021-06-27 00:00:00,2495.5,1.1322595281306715
FIVE,2021-12-17 00:00:00,2031.0,2022-01-16 00:00:00,1885.0,0.928114229443624
FIXP,2021-09-24 00:00:00,643.1,2021-10-24 00:00:00,611.2,0.950396516871404
FLOT,2021-07-05 00:00:00,89.42,2021-08-04 00:00:00,88.9,0.9941847461418029
FLOT,2023-07-05 00:00:00,89.2,2023-08-04 00:00:00,106.3,1.1917040358744393
GAZA,2021-07-19 00:00:00,473.0,2021-08-18 00:00:00,472.0,0.9978858350951374
GAZAP,2021-07-19 00:00:00,381.5,2021-08-18 00:00:00,386.0,1.0117955439056356
GAZP,2021-07-15 00:00:00,280.01,2021-08-14 00:00:00,292.7,1.0453198100067855
GAZP,2022-10-11 00:00:00,162.89,2022-11-10 00:00:00,168.9,1.0368960648290255
GCHE,2021-10-03 00:00:00,3014.0,2021-11-02 00:00:00,3507.0,1.1635700066357
GCHE,2022-12-12 00:00:00,2718.0,2023-01-11 00:00:00,2782.0,1.0235467255334805
GCHE,2023-10-01 00:00:00,4169.0,2023-10-31 00:00:00,4022.0,0.9647397457423844
GEMA,2021-06-09 00:00:00,675.0,2021-07-09 00:00:00,693.0,1.0266666666666666
GEMA,2021-10-05 00:00:00,918.5,2021-11-04 00:00:00,894.0,0.9733260751224824
GEMA,2022-01-05 00:00:00,962.0,2022-02-04 00:00:00,880.0,0.9147609147609148
GEMA,2022-06-21 00:00:00,686.5,2022-07-21 00:00:00,668.5,0.9737800436999272
GEMA,2022-10-17 00:00:00,802.0,2022-11-16 00:00:00,803.5,1.0018703241895262
GEMA,2023-07-10 00:00:00,961.0,2023-08-09 00:00:00,947.5,0.985952133194589
GEMA,2023-09-25 00:00:00,1126.0,2023-10-25 00:00:00,1085.0,0.9635879218472468
GEMA,2023-12-25 00:00:00,998.5,2024-01-24 00:00:00,1011.0,1.0125187781672509
GLTR,2021-04-29 00:00:00,464.0,2021-05-29 00:00:00,473.9,1.0213362068965517
GLTR,2021-09-07 00:00:00,585.95,2021-10-07 00:00:00,591.75,1.009898455499616
HHRU,2021-06-09 00:00:00,2645.0,2021-07-09 00:00:00,3350.5,1.2667296786389417
HIMCP,2021-07-11 00:00:00,8.05,2021-08-10 00:00:00,8.12,1.0086956521739128
HIMCP,2022-07-11 00:00:00,8.45,2022-08-10 00:00:00,7.91,0.9360946745562132
HYDR,2021-07-10 00:00:00,0.8346,2021-08-09 00:00:00,0.824,0.9872993050563144
HYDR,2022-07-10 00:00:00,0.8025,2022-08-09 00:00:00,0.755,0.940809968847352
HYDR,2023-07-11 00:00:00,0.8293,2023-08-10 00:00:00,0.9009,1.086337875316532
INGR,2021-07-18 00:00:00,1317.0,2021-08-17 00:00:00,1219.0,0.9255884586180714
IRAO,2021-06-07 00:00:00,5.0125,2021-07-07 00:00:00,4.7055,0.9387531172069824
IRAO,2022-06-10 00:00:00,3.14,2022-07-10 00:00:00,3.399,1.082484076433121
IRAO,2023-05-30 00:00:00,4.1225,2023-06-29 00:00:00,4.0425,0.9805942995755004
JNOS,2021-07-13 00:00:00,18.95,2021-08-12 00:00:00,19.85,1.0474934036939314
JNOS,2022-07-15 00:00:00,13.75,2022-08-14 00:00:00,13.85,1.007272727272727
JNOS,2023-07-18 00:00:00,29.55,2023-08-17 00:00:00,29.8,1.0084602368866329
JNOSP,2021-07-13 00:00:00,13.8,2021-08-12 00:00:00,13.8,1.0
JNOSP,2022-07-15 00:00:00,9.78,2022-08-14 00:00:00,9.7,0.9918200408997956
JNOSP,2023-07-18 00:00:00,19.86,2023-08-17 00:00:00,17.7,0.8912386706948641
KAZT,2021-05-11 00:00:00,224.2,2021-06-10 00:00:00,230.6,1.0285459411239966
KAZT,2021-12-22 00:00:00,371.8,2022-01-21 00:00:00,346.2,0.9311457772996234
KAZT,2022-05-23 00:00:00,427.0,2022-06-22 00:00:00,420.0,0.9836065573770492
KAZT,2022-10-03 00:00:00,395.0,2022-11-02 00:00:00,411.6,1.0420253164556963
KAZT,2023-05-22 00:00:00,686.2,2023-06-21 00:00:00,632.0,0.9210142815505684
KAZT,2023-12-12 00:00:00,658.0,2024-01-11 00:00:00,654.4,0.9945288753799392
KAZTP,2021-05-11 00:00:00,225.6,2021-06-10 00:00:00,223.6,0.9911347517730495
KAZTP,2021-12-22 00:00:00,376.2,2022-01-21 00:00:00,378.8,1.0069112174375332
KAZTP,2022-05-23 00:00:00,443.6,2022-06-22 00:00:00,430.4,0.9702434625788998
KAZTP,2022-10-03 00:00:00,397.4,2022-11-02 00:00:00,417.8,1.051333668847509
KAZTP,2023-05-22 00:00:00,706.6,2023-06-21 00:00:00,655.2,0.9272572884234362
KAZTP,2023-12-12 00:00:00,658.0,2024-01-11 00:00:00,657.0,0.9984802431610942
KBSB,2022-07-14 00:00:00,131.5,2022-08-13 00:00:00,139.5,1.0608365019011408
KBSB,2023-06-01 00:00:00,249.0,2023-07-01 00:00:00,283.0,1.1365461847389555
KGKC,2021-07-19 00:00:00,47.8,2021-08-18 00:00:00,48.0,1.00418410041841
KGKC,2022-12-23 00:00:00,33.6,2023-01-22 00:00:00,34.4,1.0238095238095235
KGKC,2023-07-17 00:00:00,53.2,2023-08-16 00:00:00,71.0,1.3345864661654134
KGKCP,2021-07-19 00:00:00,48.8,2021-08-18 00:00:00,47.6,0.975409836065574
KGKCP,2022-12-23 00:00:00,36.8,2023-01-22 00:00:00,38.4,1.0434782608695652
KGKCP,2023-07-17 00:00:00,60.8,2023-08-16 00:00:00,58.2,0.9572368421052632
KMAZ,2021-06-16 00:00:00,74.6,2021-07-16 00:00:00,73.6,0.9865951742627346
KRSB,2021-06-08 00:00:00,9.53,2021-07-08 00:00:00,9.21,0.9664218258132216
KRSB,2022-06-02 00:00:00,7.6,2022-07-02 00:00:00,7.12,0.936842105263158
KRSB,2023-06-02 00:00:00,13.01,2023-07-02 00:00:00,14.54,1.1176018447348193
KRSBP,2021-06-08 00:00:00,10.0,2021-07-08 00:00:00,9.2,0.92
KRSBP,2022-06-02 00:00:00,8.18,2022-07-02 00:00:00,7.78,0.9511002444987776
KRSBP,2023-06-02 00:00:00,13.28,2023-07-02 00:00:00,14.58,1.0978915662650603
KUBE,2022-06-27 00:00:00,56.8,2022-07-27 00:00:00,56.5,0.994718309859155
KUBE,2022-12-16 00:00:00,61.7,2023-01-15 00:00:00,59.9,0.9708265802269044
KUBE,2023-06-30 00:00:00,206.0,2023-07-30 00:00:00,333.0,1.616504854368932
KUZB,2021-05-24 00:00:00,0.02541,2021-06-23 00:00:00,0.0254,0.9996064541519089
KUZB,2023-07-11 00:00:00,0.05701,2023-08-10 00:00:00,0.068,1.1927731976846168
KUZB,2023-12-11 00:00:00,0.04595,2024-01-10 00:00:00,0.0481,1.0467899891186072
KZOS,2021-05-06 00:00:00,92.3,2021-06-05 00:00:00,90.9,0.9848320693391116
KZOS,2021-09-20 00:00:00,113.1,2021-10-20 00:00:00,103.4,0.9142351900972592
KZOS,2022-07-11 00:00:00,70.3,2022-08-10 00:00:00,86.1,1.22475106685633
KZOS,2023-07-11 00:00:00,110.6,2023-08-10 00:00:00,115.3,1.04249547920434
KZOSP,2021-05-06 00:00:00,34.2,2021-06-05 00:00:00,32.38,0.9467836257309942
KZOSP,2021-09-20 00:00:00,32.09,2021-10-20 00:00:00,30.15,0.939545029604238
KZOSP,2022-07-11 00:00:00,15.61,2022-08-10 00:00:00,18.65,1.1947469570787956
KZOSP,2023-07-11 00:00:00,28.96,2023-08-10 00:00:00,32.36,1.117403314917127
LSNG,2021-06-29 00:00:00,6.06,2021-07-29 00:00:00,6.06,1.0
LSNG,2022-06-10 00:00:00,6.84,2022-07-10 00:00:00,6.9,1.0087719298245614
LSNG,2023-01-08 00:00:00,8.57,2023-02-07 00:00:00,11.23,1.310385064177363
LSNG,2023-06-27 00:00:00,14.84,2023-07-27 00:00:00,18.32,1.2345013477088949
LSNGP,2021-06-29 00:00:00,150.65,2021-07-29 00:00:00,159.35,1.057749751078659
LSNGP,2022-06-10 00:00:00,136.25,2022-07-10 00:00:00,150.05,1.101284403669725
LSNGP,2023-01-08 00:00:00,122.8,2023-02-07 00:00:00,125.75,1.0240228013029316
LSNGP,2023-06-27 00:00:00,204.35,2023-07-27 00:00:00,208.85,1.022021042329337
LSRG,2021-05-11 00:00:00,781.0,2021-06-10 00:00:00,777.0,0.9948783610755442
LSRG,2023-07-07 00:00:00,710.6,2023-08-06 00:00:00,763.6,1.0745848578665915
LVHK,2021-06-01 00:00:00,13.08,2021-07-01 00:00:00,12.58,0.9617737003058104
LVHK,2022-06-01 00:00:00,12.12,2022-07-01 00:00:00,12.06,0.9950495049504952
MAGN,2021-06-17 00:00:00,63.535,2021-07-17 00:00:00,62.0,0.9758400881403952
MAGN,2021-09-27 00:00:00,72.59,2021-10-27 00:00:00,67.51,0.9300179088028654
MAGN,2022-01-13 00:00:00,67.38,2022-02-12 00:00:00,62.3,0.9246067082220244
MDMG,2021-05-05 00:00:00,596.6,2021-06-04 00:00:00,701.0,1.174991619175327
MDMG,2021-09-24 00:00:00,862.2,2021-10-24 00:00:00,832.8,0.9659011830201808
MDMG,2022-11-07 00:00:00,484.5,2022-12-07 00:00:00,428.8,0.8850361197110423
MISB,2022-07-13 00:00:00,13.3,2022-08-12 00:00:00,13.2,0.9924812030075189
MISB,2023-05-22 00:00:00,35.4,2023-06-21 00:00:00,39.3,1.1101694915254237
MISBP,2022-07-13 00:00:00,11.7,2022-08-12 00:00:00,11.3,0.965811965811966
MISBP,2023-05-22 00:00:00,47.7,2023-06-21 00:00:00,45.2,0.9475890985324948
MOEX,2021-05-14 00:00:00,175.35,2021-06-13 00:00:00,174.96,0.9977758768177932
MOEX,2023-05-12 00:00:00,109.17,2023-06-11 00:00:00,126.2,1.155995236786663
MRKC,2021-06-11 00:00:00,0.3966,2021-07-11 00:00:00,0.3752,0.9460413514876448
MRKC,2022-06-28 00:00:00,0.2666,2022-07-28 00:00:00,0.2408,0.9032258064516128
MRKC,2023-01-08 00:00:00,0.283,2023-02-07 00:00:00,0.2862,1.0113074204946997
MRKC,2023-06-23 00:00:00,0.4008,2023-07-23 00:00:00,0.4828,1.2045908183632734
MRKP,2021-06-15 00:00:00,0.2628,2021-07-15 00:00:00,0.2475,0.9417808219178084
MRKP,2022-06-27 00:00:00,0.1852,2022-07-27 00:00:00,0.17,0.91792656587473
MRKP,2023-01-08 00:00:00,0.2009,2023-02-07 00:00:00,0.2064,1.0273768043802889
MRKP,2023-06-23 00:00:00,0.2411,2023-07-23 00:00:00,0.3206,1.3297386976358356
MRKU,2022-06-28 00:00:00,0.1786,2022-07-28 00:00:00,0.159,0.8902575587905934
MRKU,2023-01-08 00:00:00,0.1758,2023-02-07 00:00:00,0.1834,1.043230944254835
MRKU,2023-06-23 00:00:00,0.2996,2023-07-23 00:00:00,0.3478,1.1608811748998666
MRKV,2022-06-28 00:00:00,0.0308,2022-07-28 00:00:00,0.03015,0.9788961038961038
MRSB,2021-07-06 00:00:00,0.421,2021-08-05 00:00:00,0.428,1.0166270783847982
MRSB,2021-12-06 00:00:00,0.427,2022-01-05 00:00:00,0.414,0.9695550351288056
MRSB,2023-07-07 00:00:00,0.56,2023-08-06 00:00:00,0.736,1.314285714285714
MRSB,2023-12-05 00:00:00,0.867,2024-01-04 00:00:00,0.848,0.978085351787774
MSNG,2021-07-05 00:00:00,2.2205,2021-08-04 00:00:00,2.201,0.991218194100428
MSNG,2022-07-11 00:00:00,1.85,2022-08-10 00:00:00,1.777,0.9605405405405404
MSNG,2023-07-04 00:00:00,2.8475,2023-08-03 00:00:00,3.15,1.106233538191396
MSRS,2021-06-01 00:00:00,1.214,2021-07-01 00:00:00,1.191,0.9810543657331138
MSRS,2022-07-03 00:00:00,0.887,2022-08-02 00:00:00,0.8635,0.9735062006764374
MSRS,2023-01-08 00:00:00,0.9305,2023-02-07 00:00:00,0.9505,1.0214938205265989
MTLR,2021-07-13 00:00:00,79.52,2021-08-12 00:00:00,80.0,1.006036217303823
MTLRP,2021-07-13 00:00:00,120.35,2021-08-12 00:00:00,137.95,1.1462401329455754
MTSS,2021-07-08 00:00:00,318.2,2021-08-07 00:00:00,316.1,0.9934003771213076
MTSS,2021-10-12 00:00:00,318.05,2021-11-11 00:00:00,316.45,0.9949693444426976
MTSS,2022-07-12 00:00:00,236.85,2022-08-11 00:00:00,245.5,1.0365210048553937
MTSS,2023-06-29 00:00:00,303.5,2023-07-29 00:00:00,287.55,0.9474464579901154
NAUK,2022-09-30 00:00:00,172.4,2022-10-30 00:00:00,187.4,1.0870069605568446
NAUK,2023-06-05 00:00:00,340.0,2023-07-05 00:00:00,350.0,1.0294117647058822
NKHP,2021-07-12 00:00:00,349.5,2021-08-11 00:00:00,373.0,1.067238912732475
NKHP,2021-10-11 00:00:00,357.0,2021-11-10 00:00:00,351.0,0.9831932773109244
NKHP,2022-07-11 00:00:00,313.5,2022-08-10 00:00:00,297.5,0.94896331738437
NKHP,2023-07-12 00:00:00,755.0,2023-08-11 00:00:00,1267.5,1.6788079470198676
NKNC,2021-04-27 00:00:00,92.85,2021-05-27 00:00:00,96.1,1.0350026925148088
NKNC,2021-09-20 00:00:00,138.05,2021-10-20 00:00:00,131.55,0.9529156102861284
NKNC,2022-07-11 00:00:00,80.0,2022-08-10 00:00:00,85.95,1.074375
NKNC,2023-07-11 00:00:00,122.2,2023-08-10 00:00:00,139.1,1.1382978723404256
NKNCP,2021-04-27 00:00:00,77.3,2021-05-27 00:00:00,76.8,0.9935316946959896
NKNCP,2021-09-20 00:00:00,109.0,2021-10-20 00:00:00,106.58,0.9777981651376146
NKNCP,2022-07-11 00:00:00,65.12,2022-08-10 00:00:00,74.74,1.1477272727272725
NKNCP,2023-07-11 00:00:00,83.1,2023-08-10 00:00:00,88.92,1.0700361010830326
NLMK,2021-05-11 00:00:00,272.86,2021-06-10 00:00:00,264.62,0.9698013633365096
NLMK,2021-06-23 00:00:00,246.7,2021-07-23 00:00:00,246.76,1.000243210376976
NLMK,2021-09-07 00:00:00,236.2,2021-10-07 00:00:00,217.5,0.9208298052497884
NLMK,2021-12-07 00:00:00,208.36,2022-01-06 00:00:00,213.82,1.0262046458053369
NMTP,2021-07-12 00:00:00,6.97,2021-08-11 00:00:00,7.405,1.0624103299856529
NMTP,2022-07-12 00:00:00,5.01,2022-08-11 00:00:00,4.795,0.9570858283433132
NVTK,2021-05-07 00:00:00,1419.6,2021-06-06 00:00:00,1576.8,1.110735418427726
NVTK,2021-10-11 00:00:00,1905.0,2021-11-10 00:00:00,1756.2,0.9218897637795276
NVTK,2022-05-05 00:00:00,1009.2,2022-06-04 00:00:00,817.0,0.8095521204914784
NVTK,2022-10-09 00:00:00,960.0,2022-11-08 00:00:00,1134.8,1.1820833333333334
NVTK,2023-05-03 00:00:00,1223.8,2023-06-02 00:00:00,1340.4,1.0952770060467398
NVTK,2023-10-10 00:00:00,1717.4,2023-11-09 00:00:00,1612.2,0.9387446139513216
OGKB,2021-07-02 00:00:00,0.741,2021-08-01 00:00:00,0.6752,0.9112010796221324
OGKB,2022-07-11 00:00:00,0.555,2022-08-10 00:00:00,0.5226,0.9416216216216214
OGKB,2023-07-10 00:00:00,0.6688,2023-08-09 00:00:00,0.685,1.0242224880382778
OMZZP,2023-07-12 00:00:00,10415.0,2023-08-11 00:00:00,12725.0,1.2217954872779644
PIKK,2021-05-17 00:00:00,959.3,2021-06-16 00:00:00,1083.4,1.1293651620973628
PLZL,2021-06-07 00:00:00,15200.0,2021-07-07 00:00:00,14525.5,0.955625
PLZL,2021-10-11 00:00:00,12219.0,2021-11-10 00:00:00,15117.0,1.2371716179720107
PLZL,2023-06-16 00:00:00,10671.0,2023-07-16 00:00:00,10823.0,1.0142442132883516
PMSB,2021-06-24 00:00:00,177.0,2021-07-24 00:00:00,154.6,0.8734463276836157
PMSB,2022-05-22 00:00:00,123.9,2022-06-21 00:00:00,118.4,0.9556093623890234
PMSB,2023-05-23 00:00:00,155.0,2023-06-22 00:00:00,155.7,1.004516129032258
PMSBP,2021-06-24 00:00:00,158.2,2021-07-24 00:00:00,149.2,0.943109987357775
PMSBP,2022-05-22 00:00:00,124.8,2022-06-21 00:00:00,118.2,0.9471153846153848
PMSBP,2023-05-23 00:00:00,157.2,2023-06-22 00:00:00,159.6,1.015267175572519
POLY,2021-05-07 00:00:00,1662.3,2021-06-06 00:00:00,1751.6,1.053720748360705
POLY,2021-09-10 00:00:00,1394.0,2021-10-10 00:00:00,1256.0,0.9010043041606888
POLY,2022-05-06 00:00:00,691.0,2022-06-05 00:00:00,505.0,0.7308248914616498
POSI,2022-05-08 00:00:00,950.0,2022-06-07 00:00:00,850.0,0.8947368421052632
POSI,2022-11-14 00:00:00,1258.8,2022-12-14 00:00:00,1243.0,0.9874483635208136
POSI,2023-04-16 00:00:00,1709.4,2023-05-16 00:00:00,1704.0,0.9968409968409968
POSI,2023-12-03 00:00:00,2020.0,2024-01-02 00:00:00,1996.8,0.9885148514851484
QIWI,2021-04-27 00:00:00,801.5,2021-05-27 00:00:00,817.0,1.0193387398627574
QIWI,2021-06-22 00:00:00,775.5,2021-07-22 00:00:00,773.0,0.996776273372018
QIWI,2021-09-07 00:00:00,633.5,2021-10-07 00:00:00,622.0,0.9818468823993686
QIWI,2021-12-06 00:00:00,595.0,2022-01-05 00:00:00,607.0,1.020168067226891
RASP,2021-06-07 00:00:00,245.3,2021-07-07 00:00:00,237.44,0.9679576029351814
RASP,2021-10-04 00:00:00,382.04,2021-11-03 00:00:00,459.14,1.2018113286566852
RASP,2022-01-18 00:00:00,386.2,2022-02-17 00:00:00,495.25,1.2823666494044537
RDRB,2021-06-08 00:00:00,224.0,2021-07-08 00:00:00,222.0,0.9910714285714286
RDRB,2022-09-20 00:00:00,158.0,2022-10-20 00:00:00,138.0,0.8734177215189873
RDRB,2023-05-22 00:00:00,183.0,2023-06-21 00:00:00,230.0,1.2568306010928962
ROSB,2023-06-09 00:00:00,102.0,2023-07-09 00:00:00,99.2,0.9725490196078432
ROSN,2021-06-15 00:00:00,536.05,2021-07-15 00:00:00,562.5,1.0493424120884247
ROSN,2021-10-11 00:00:00,641.55,2021-11-10 00:00:00,629.8,0.9816849816849816
ROSN,2022-07-11 00:00:00,343.8,2022-08-10 00:00:00,339.5,0.9874927283304248
ROSN,2023-01-12 00:00:00,346.85,2023-02-11 00:00:00,351.0,1.0119648262937868
ROSN,2023-07-11 00:00:00,478.8,2023-08-10 00:00:00,535.2,1.117794486215539
RSTI,2021-07-17 00:00:00,1.278,2021-08-16 00:00:00,1.2531,0.9805164319248828
RSTIP,2021-07-17 00:00:00,1.8,2021-08-16 00:00:00,1.892,1.051111111111111
RTKM,2021-07-12 00:00:00,98.84,2021-08-11 00:00:00,96.17,0.9729866450829624
RTKM,2022-07-20 00:00:00,61.03,2022-08-19 00:00:00,60.33,0.9885302310339176
RTKM,2023-12-01 00:00:00,74.82,2023-12-31 00:00:00,68.49,0.9153969526864476
RTKMP,2021-07-12 00:00:00,88.35,2021-08-11 00:00:00,88.2,0.99830220713073
RTKMP,2022-07-20 00:00:00,60.35,2022-08-19 00:00:00,61.1,1.012427506213753
RTKMP,2023-12-01 00:00:00,67.85,2023-12-31 00:00:00,62.7,0.9240972733971998
RTSB,2022-07-20 00:00:00,0.532,2022-08-19 00:00:00,0.536,1.0075187969924813
RTSB,2023-05-23 00:00:00,1.518,2023-06-22 00:00:00,1.72,1.133069828722003
RTSBP,2022-07-20 00:00:00,0.498,2022-08-19 00:00:00,0.529,1.062248995983936
RTSBP,2023-05-23 00:00:00,1.145,2023-06-22 00:00:00,1.15,1.004366812227074
RZSB,2021-06-03 00:00:00,19.26,2021-07-03 00:00:00,16.72,0.8681204569055035
RZSB,2022-06-09 00:00:00,16.7,2022-07-09 00:00:00,15.42,0.9233532934131736
RZSB,2023-06-01 00:00:00,33.8,2023-07-01 00:00:00,34.36,1.0165680473372782
SAGO,2023-07-09 00:00:00,2.908,2023-08-08 00:00:00,4.47,1.5371389270976616
SAGOP,2023-07-09 00:00:00,2.914,2023-08-08 00:00:00,3.994,1.370624571036376
SBER,2021-05-12 00:00:00,302.02,2021-06-11 00:00:00,313.0,1.0363552082643537
SBER,2023-05-11 00:00:00,229.32,2023-06-10 00:00:00,240.4,1.048316762602477
SBERP,2021-05-12 00:00:00,280.59,2021-06-11 00:00:00,292.22,1.041448376634948
SBERP,2023-05-11 00:00:00,226.55,2023-06-10 00:00:00,238.49,1.0527035974398586
SELG,2021-06-25 00:00:00,44.51,2021-07-25 00:00:00,43.76,0.983149853965401
SELG,2022-06-21 00:00:00,46.38,2022-07-21 00:00:00,34.17,0.7367399741267788
SELG,2023-12-03 00:00:00,63.69,2024-01-02 00:00:00,62.39,0.9795886324383736
SFIN,2023-12-14 00:00:00,518.6,2024-01-13 00:00:00,569.6,1.0983416891631317
SGZH,2022-01-08 00:00:00,10.725,2022-02-07 00:00:00,9.699,0.9043356643356644
SGZH,2022-06-02 00:00:00,8.221,2022-07-02 00:00:00,8.088,0.9838219194745164
SIBN,2021-06-25 00:00:00,430.05,2021-07-25 00:00:00,421.8,0.980816184164632
SIBN,2021-12-28 00:00:00,540.7,2022-01-27 00:00:00,506.9,0.9374884409099314
SIBN,2022-07-08 00:00:00,390.3,2022-08-07 00:00:00,373.0,0.9556751217012556
SIBN,2022-12-30 00:00:00,459.5,2023-01-29 00:00:00,447.0,0.972796517954298
SIBN,2023-07-10 00:00:00,524.55,2023-08-09 00:00:00,587.6,1.120198265179678
SIBN,2023-12-27 00:00:00,857.05,2024-01-26 00:00:00,843.5,0.984189953911674
SMLT,2021-07-10 00:00:00,1820.0,2021-08-09 00:00:00,2600.0,1.4285714285714286
SMLT,2021-10-11 00:00:00,4880.4,2021-11-10 00:00:00,4851.4,0.9940578641094991
SMLT,2022-07-11 00:00:00,2571.0,2022-08-10 00:00:00,2780.0,1.0812913263321664
SMLT,2022-10-12 00:00:00,2124.0,2022-11-11 00:00:00,2490.0,1.1723163841807909
SNGS,2021-07-20 00:00:00,32.59,2021-08-19 00:00:00,33.7,1.0340595274624118
SNGS,2022-07-20 00:00:00,24.9,2022-08-19 00:00:00,25.745,1.0339357429718876
SNGS,2023-07-20 00:00:00,28.355,2023-08-19 00:00:00,30.595,1.0789984129783106
SNGSP,2021-07-20 00:00:00,38.46,2021-08-19 00:00:00,38.085,0.9902496099843994
SNGSP,2022-07-20 00:00:00,28.91,2022-08-19 00:00:00,28.95,1.0013836042891733
SNGSP,2023-07-20 00:00:00,42.025,2023-08-19 00:00:00,49.61,1.1804878048780487
STSB,2021-07-05 00:00:00,0.6545,2021-08-04 00:00:00,0.632,0.9656226126814362
STSB,2022-07-04 00:00:00,0.682,2022-08-03 00:00:00,0.768,1.126099706744868
STSBP,2021-07-05 00:00:00,0.5565,2021-08-04 00:00:00,0.54,0.9703504043126684
STSBP,2022-07-04 00:00:00,0.558,2022-08-03 00:00:00,0.5585,1.0008960573476702
SVAV,2023-07-10 00:00:00,817.5,2023-08-09 00:00:00,892.0,1.091131498470948
TATN,2021-07-09 00:00:00,519.1,2021-08-08 00:00:00,494.1,0.9518397225968022
TATN,2021-10-12 00:00:00,574.4,2021-11-11 00:00:00,546.1,0.9507311977715878
TATN,2022-01-10 00:00:00,499.8,2022-02-09 00:00:00,506.5,1.013405362144858
TATN,2022-07-08 00:00:00,409.9,2022-08-07 00:00:00,387.0,0.9441327152964138
TATN,2022-10-11 00:00:00,353.0,2022-11-10 00:00:00,388.3,1.1
TATN,2023-01-10 00:00:00,345.7,2023-02-09 00:00:00,324.4,0.9383858837142032
TATN,2023-07-04 00:00:00,493.4,2023-08-03 00:00:00,547.7,1.1100526955816783
TATN,2023-10-11 00:00:00,618.8,2023-11-10 00:00:00,620.0,1.0019392372333549
TATNP,2021-07-09 00:00:00,486.4,2021-08-08 00:00:00,461.1,0.9479851973684212
TATNP,2021-10-12 00:00:00,526.1,2021-11-11 00:00:00,490.5,0.9323322562250522
TATNP,2022-01-10 00:00:00,460.0,2022-02-09 00:00:00,456.4,0.9921739130434782
TATNP,2022-07-08 00:00:00,361.9,2022-08-07 00:00:00,362.1,1.0005526388505113
TATNP,2022-10-11 00:00:00,339.4,2022-11-10 00:00:00,375.0,1.10489098408957
TATNP,2023-01-10 00:00:00,336.7,2023-02-09 00:00:00,324.6,0.9640629640629642
TATNP,2023-07-04 00:00:00,491.6,2023-08-03 00:00:00,530.8,1.0797396257119607
TATNP,2023-10-11 00:00:00,618.7,2023-11-10 00:00:00,609.1,0.9844835946339098
TGKA,2021-07-05 00:00:00,0.01111,2021-08-04 00:00:00,0.01145,1.0306030603060303
TGKA,2022-07-18 00:00:00,0.007936,2022-08-17 00:00:00,0.007848,0.9889112903225808
TGKN,2023-06-16 00:00:00,0.00983,2023-07-16 00:00:00,0.01175,1.195320447609359
TGKN,2023-08-14 00:00:00,0.0208,2023-09-13 00:00:00,0.02035,0.9783653846153848
TORS,2022-12-17 00:00:00,0.281,2023-01-16 00:00:00,0.306,1.088967971530249
TORS,2023-06-30 00:00:00,0.633,2023-07-30 00:00:00,0.845,1.334913112164297
TORSP,2022-12-17 00:00:00,0.2625,2023-01-16 00:00:00,0.26,0.9904761904761904
TORSP,2023-06-30 00:00:00,0.409,2023-07-30 00:00:00,0.488,1.1931540342298288
TRMK,2021-04-26 00:00:00,76.8,2021-05-26 00:00:00,71.52,0.93125
TRMK,2021-09-17 00:00:00,95.1,2021-10-17 00:00:00,94.68,0.9955835962145112
TRMK,2022-05-27 00:00:00,56.2,2022-06-26 00:00:00,57.78,1.0281138790035589
TRMK,2022-09-09 00:00:00,77.98,2022-10-09 00:00:00,58.6,0.75147473711208
TRMK,2023-01-31 00:00:00,83.58,2023-03-02 00:00:00,86.92,1.0399617133285477
TRMK,2023-09-05 00:00:00,260.1,2023-10-05 00:00:00,209.34,0.8048442906574393
TRNFP,2021-07-19 00:00:00,157250.0,2021-08-18 00:00:00,158500.0,1.0079491255961843
TRNFP,2022-07-20 00:00:00,113550.0,2022-08-19 00:00:00,99150.0,0.8731836195508587
TRNFP,2023-07-20 00:00:00,123900.0,2023-08-19 00:00:00,116350.0,0.9390637610976594
TTLK,2021-06-01 00:00:00,0.6515,2021-07-01 00:00:00,0.5975,0.9171143514965464
TTLK,2022-05-18 00:00:00,0.577,2022-06-17 00:00:00,0.4935,0.8552859618717504
TTLK,2023-04-18 00:00:00,0.792,2023-05-18 00:00:00,0.7455,0.9412878787878788
UPRO,2021-06-22 00:00:00,2.833,2021-07-22 00:00:00,2.726,0.9622308506883162
UPRO,2021-12-17 00:00:00,2.62,2022-01-16 00:00:00,2.544,0.9709923664122138
VRSB,2022-07-14 00:00:00,151.0,2022-08-13 00:00:00,147.8,0.9788079470198676
VRSB,2023-05-22 00:00:00,352.2,2023-06-21 00:00:00,346.4,0.9835320840431572
VRSBP,2022-07-14 00:00:00,58.6,2022-08-13 00:00:00,60.6,1.0341296928327646
VRSBP,2023-05-22 00:00:00,98.2,2023-06-21 00:00:00,102.8,1.0468431771894091
VTBR,2021-07-15 00:00:00,0.04719,2021-08-14 00:00:00,0.051445,1.0901674083492263
WTCM,2021-04-28 00:00:00,9.8,2021-05-28 00:00:00,9.74,0.993877551020408
WTCM,2022-05-04 00:00:00,8.58,2022-06-03 00:00:00,7.72,0.8997668997668997
WTCM,2023-05-10 00:00:00,10.16,2023-06-09 00:00:00,12.56,1.236220472440945
WTCMP,2021-04-28 00:00:00,8.88,2021-05-28 00:00:00,8.76,0.9864864864864864
WTCMP,2022-05-04 00:00:00,7.94,2022-06-03 00:00:00,6.88,0.8664987405541561
WTCMP,2023-05-10 00:00:00,7.78,2023-06-09 00:00:00,10.0,1.2853470437017995
YAKG,2021-04-26 00:00:00,117.8,2021-05-26 00:00:00,113.45,0.9630730050933788
BISV,2021-07-15 00:00:00,8.7,2021-08-14 00:00:00,8.7,1.0
BISV,2022-01-13 00:00:00,8.7,2022-02-12 00:00:00,8.7,1.0
BISV,2022-07-15 00:00:00,8.7,2022-08-14 00:00:00,8.7,1.0
CHKZ,2022-03-21 00:00:00,6900.0,2022-04-20 00:00:00,6220.0,0.9014492753623188
ETLN,2021-12-10 00:00:00,90.18,2022-01-09 00:00:00,94.08,1.043246839654025
HHRU,2022-01-24 00:00:00,2846.0,2022-02-23 00:00:00,2988.0,1.049894588896697
HIMC,2021-07-11 00:00:00,0.99,2021-08-10 00:00:00,0.99,1.0
HIMC,2022-07-11 00:00:00,0.99,2022-08-10 00:00:00,0.99,1.0
OMZZP,2021-07-06 00:00:00,4150.0,2021-08-05 00:00:00,3950.0,0.9518072289156626
AKRN,2021-06-08 00:00:00,5982.0,2021-07-08 00:00:00,6038.0,1.0093614175860917
AKRN,2021-10-11 00:00:00,8718.0,2021-11-10 00:00:00,9692.0,1.1117228722183987
AKRN,2021-12-14 00:00:00,12396.0,2022-01-13 00:00:00,12372.0,0.9980638915779284
AKRN,2022-03-09 00:00:00,14076.0,2022-04-08 00:00:00,20160.0,1.432225063938619
BELU,2021-05-06 00:00:00,3620.0,2021-06-05 00:00:00,3455.0,0.9544198895027624
BELU,2021-10-04 00:00:00,3281.0,2021-11-03 00:00:00,4095.0,1.2480950929594636
BELU,2022-06-17 00:00:00,2279.0,2022-07-17 00:00:00,2474.0,1.0855638437911366
BELU,2022-10-13 00:00:00,2697.0,2022-11-12 00:00:00,2791.0,1.0348535409714497
BELU,2023-01-23 00:00:00,2811.0,2023-02-22 00:00:00,2854.0,1.0152970473141232
BELU,2023-04-26 00:00:00,4421.0,2023-05-26 00:00:00,4200.0,0.9500113096584484
BELU,2023-09-29 00:00:00,5527.0,2023-10-29 00:00:00,5595.0,1.0123032386466435
DSKY,2021-07-11 00:00:00,146.46,2021-08-10 00:00:00,136.7,0.9333606445445854
DSKY,2021-12-26 00:00:00,124.76,2022-01-25 00:00:00,104.52,0.8377685155498557
DZRD,2023-10-20 00:00:00,7505.0,2023-11-19 00:00:00,6520.0,0.8687541638907396
DZRDP,2023-10-20 00:00:00,5500.0,2023-11-19 00:00:00,4070.0,0.74
GMKN,2021-06-01 00:00:00,26750.0,2021-07-01 00:00:00,24612.0,0.9200747663551402
GMKN,2022-01-14 00:00:00,22648.0,2022-02-13 00:00:00,21688.0,0.9576121511833274
GMKN,2022-06-14 00:00:00,19102.0,2022-07-14 00:00:00,15302.0,0.8010679509998953
KRKN,2021-07-07 00:00:00,12900.0,2021-08-06 00:00:00,12600.0,0.9767441860465116
KRKN,2023-07-12 00:00:00,11700.0,2023-08-11 00:00:00,14600.0,1.247863247863248
KRKNP,2021-07-07 00:00:00,15320.0,2021-08-06 00:00:00,15000.0,0.97911227154047
KRKNP,2023-07-12 00:00:00,13100.0,2023-08-11 00:00:00,14200.0,1.083969465648855
LKOH,2021-07-05 00:00:00,6845.0,2021-08-04 00:00:00,6235.0,0.9108838568298028
LKOH,2021-12-21 00:00:00,6348.5,2022-01-20 00:00:00,6430.0,1.0128376781916988
LKOH,2022-12-21 00:00:00,4040.5,2023-01-20 00:00:00,3944.0,0.9761168172255908
LKOH,2023-06-05 00:00:00,5166.5,2023-07-05 00:00:00,5298.5,1.0255492112648794
LNZL,2021-07-13 00:00:00,10980.0,2021-08-12 00:00:00,13100.0,1.1930783242258651
LNZL,2022-07-13 00:00:00,7830.0,2022-08-12 00:00:00,7670.0,0.979565772669221
LNZL,2022-11-28 00:00:00,14490.0,2022-12-28 00:00:00,13050.0,0.9006211180124224
LNZL,2023-07-13 00:00:00,15000.0,2023-08-12 00:00:00,16100.0,1.0733333333333333
LNZLP,2021-07-13 00:00:00,2290.0,2021-08-12 00:00:00,2520.0,1.100436681222707
LNZLP,2022-07-13 00:00:00,1440.0,2022-08-12 00:00:00,1545.0,1.0729166666666667
LNZLP,2023-07-13 00:00:00,3100.0,2023-08-12 00:00:00,3080.0,0.9935483870967742
MGNT,2021-06-25 00:00:00,5324.5,2021-07-25 00:00:00,5130.0,0.9634707484270824
MGNT,2021-12-31 00:00:00,5509.5,2022-01-30 00:00:00,4904.0,0.8900989200471913
MGNZ,2022-04-01 00:00:00,11210.0,2022-05-01 00:00:00,10050.0,0.8965209634255129
MGNZ,2023-07-14 00:00:00,7440.0,2023-08-13 00:00:00,7440.0,1.0
MVID,2021-05-18 00:00:00,637.1,2021-06-17 00:00:00,656.6,1.0306074399623293
MVID,2021-12-16 00:00:00,486.0,2022-01-15 00:00:00,443.4,0.9123456790123456
PHOR,2021-06-07 00:00:00,4764.0,2021-07-07 00:00:00,4826.0,1.013014273719563
PHOR,2021-07-05 00:00:00,4819.0,2021-08-04 00:00:00,4611.0,0.956837518157294
PHOR,2021-09-24 00:00:00,5048.0,2021-10-24 00:00:00,5702.0,1.129556259904913
PHOR,2021-12-20 00:00:00,5580.0,2022-01-19 00:00:00,5725.0,1.025985663082437
PHOR,2022-10-03 00:00:00,6288.0,2022-11-02 00:00:00,6507.0,1.0348282442748091
PHOR,2022-12-19 00:00:00,5959.0,2023-01-18 00:00:00,6376.0,1.0699781842591038
PHOR,2023-04-04 00:00:00,7301.0,2023-05-04 00:00:00,7109.0,0.9737022325708808
PHOR,2023-07-11 00:00:00,7278.0,2023-08-10 00:00:00,7500.0,1.030502885408079
PRMB,2021-05-25 00:00:00,44200.0,2021-06-24 00:00:00,54000.0,1.2217194570135748
PRMB,2022-05-30 00:00:00,39000.0,2022-06-29 00:00:00,38000.0,0.9743589743589745
PRMB,2022-10-11 00:00:00,32600.0,2022-11-10 00:00:00,33200.0,1.01840490797546
PRMB,2023-05-02 00:00:00,37600.0,2023-06-01 00:00:00,36400.0,0.9680851063829788
LKOH,2023-12-17 00:00:00,6723.5,2024-01-16 00:00:00,6889.5,1.0246895218264296
GMKN,2023-12-26 00:00:00,16360.0,2024-01-25 00:00:00,16002.0,0.9781173594132028
FLOT,2024-01-07 00:00:00,143.85,2024-02-06 00:00:00,142.98,0.9939520333680916
ROSN,2024-01-11 00:00:00,579.6,2024-02-10 00:00:00,589.75,1.017512077294686
TATN,2024-01-09 00:00:00,686.7,2024-02-08 00:00:00,709.6,1.0333478957332167
TATNP,2024-01-09 00:00:00,686.5,2024-02-08 00:00:00,707.1,1.0300072833211944
FIXP,2024-01-26 00:00:00,320.0,2024-02-25 00:00:00,307.1,0.9596875
BELU,2023-12-27 00:00:00,5333.0,2024-01-26 00:00:00,5568.0,1.04406525407838
CHKZ,2023-07-10 00:00:00,12700.0,2023-08-09 00:00:00,13700.0,1.078740157480315
MGNT,2024-01-11 00:00:00,7114.5,2024-02-10 00:00:00,7283.0,1.023684025581559
RGSS,2024-03-18 00:00:00,0.3264,2024-04-17 00:00:00,0.3092,0.9473039215686272
NKHP,2024-01-08 00:00:00,1003.5,2024-02-07 00:00:00,1187.5,1.1833582461385153
PHOR,2023-12-25 00:00:00,6668.0,2024-01-24 00:00:00,6756.0,1.0131973605278943
DIAS,2024-03-21 00:00:00,5900.5,2024-04-20 00:00:00,6345.0,1.075332598932294
NVTK,2024-03-26 00:00:00,1316.8,2024-04-25 00:00:00,1239.6,0.9413730255164032
GCHE,2024-04-07 00:00:00,5021.5,2024-05-07 00:00:00,5009.5,0.9976102758139996
POSI,2024-04-20 00:00:00,2944.0,2024-05-20 00:00:00,3076.2,1.0449048913043475
MSRS,2023-06-30 00:00:00,1.172,2023-07-30 00:00:00,1.34,1.143344709897611
KMAZ,2023-07-11 00:00:00,205.7,2023-08-10 00:00:00,237.5,1.1545940690325718
LSRG,2024-05-02 00:00:00,969.0,2024-06-01 00:00:00,779.4,0.8043343653250774
NMTP,2023-07-12 00:00:00,9.26,2023-08-11 00:00:00,14.995,1.619330453563715
VSMO,2022-07-11 00:00:00,57060.0,2022-08-10 00:00:00,57580.0,1.0091132141605328
VSMO,2023-06-05 00:00:00,49040.0,2023-07-05 00:00:00,49100.0,1.0012234910277324
BSPB,2024-05-06 00:00:00,313.77,2024-06-05 00:00:00,355.19,1.1320075214328968
BSPBP,2024-05-06 00:00:00,53.05,2024-06-05 00:00:00,47.8,0.9010367577756832
LKOH,2024-05-07 00:00:00,7722.5,2024-06-06 00:00:00,7412.5,0.9598575590806088
BELU,2024-05-13 00:00:00,5897.0,2024-06-12 00:00:00,5580.0,0.9462438528065118
AKRN,2024-05-19 00:00:00,16400.0,2024-06-18 00:00:00,15890.0,0.9689024390243902
PMSB,2024-05-26 00:00:00,246.0,2024-06-25 00:00:00,205.6,0.8357723577235772
PMSBP,2024-05-26 00:00:00,253.2,2024-06-25 00:00:00,211.8,0.8364928909952607
CHKZ,2024-05-27 00:00:00,26700.0,2024-06-26 00:00:00,26750.0,1.00187265917603
KAZT,2024-05-27 00:00:00,600.0,2024-06-26 00:00:00,555.0,0.925
KAZTP,2024-05-27 00:00:00,603.0,2024-06-26 00:00:00,586.5,0.972636815920398
NLMK,2024-05-27 00:00:00,219.22,2024-06-26 00:00:00,180.98,0.8255633610072073
ROSB,2024-05-27 00:00:00,114.0,2024-06-26 00:00:00,105.8,0.9280701754385964
TTLK,2024-05-27 00:00:00,0.934,2024-06-26 00:00:00,0.893,0.95610278372591
NAUK,2024-05-28 00:00:00,641.0,2024-06-27 00:00:00,604.0,0.9422776911076444
AVAN,2024-05-29 00:00:00,853.0,2024-06-28 00:00:00,747.0,0.8757327080890973
ALRS,2024-05-31 00:00:00,74.98,2024-06-30 00:00:00,70.83,0.9446519071752466
HNFG,2024-06-03 00:00:00,679.0,2024-07-03 00:00:00,712.3,1.049042709867452
TGKN,2024-06-04 00:00:00,0.01278,2024-07-04 00:00:00,0.01115,0.8724569640062598
TRMK,2024-06-04 00:00:00,196.1,2024-07-04 00:00:00,192.68,0.982559918408975
USBN,2024-06-04 00:00:00,0.2221,2024-07-04 00:00:00,0.1955,0.880234128770824
VSMO,2024-06-03 00:00:00,34220.0,2024-07-03 00:00:00,33180.0,0.9696084161309176
KRSB,2024-06-10 00:00:00,16.6,2024-07-10 00:00:00,15.4,0.927710843373494
KRSBP,2024-06-10 00:00:00,17.12,2024-07-10 00:00:00,15.3,0.8936915887850467
MAGN,2024-06-10 00:00:00,55.06,2024-07-10 00:00:00,52.145,0.9470577551761714
RZSB,2024-06-10 00:00:00,40.3,2024-07-10 00:00:00,34.32,0.8516129032258065
LEAS,2024-06-11 00:00:00,988.0,2024-07-11 00:00:00,831.9,0.8420040485829959
IRAO,2024-06-03 00:00:00,3.794,2024-07-03 00:00:00,3.936,1.0374275171323142
MOEX,2024-06-14 00:00:00,240.1,2024-07-14 00:00:00,227.88,0.9491045397750936
PRMB,2024-05-06 00:00:00,37200.0,2024-06-05 00:00:00,33000.0,0.8870967741935484
SELG,2024-06-15 00:00:00,68.94,2024-07-15 00:00:00,54.37,0.7886568030171163
CHMF,2024-06-18 00:00:00,1555.6,2024-07-18 00:00:00,1413.4,0.9085883260478274
KUZB,2024-06-18 00:00:00,0.04935,2024-07-18 00:00:00,0.04375,0.8865248226950354
SFIN,2024-06-17 00:00:00,1295.0,2024-07-17 00:00:00,1292.4,0.997992277992278
MDMG,2024-06-20 00:00:00,843.6,2024-07-20 00:00:00,842.5,0.9986960644855382
KUBE,2024-06-28 00:00:00,313.0,2024-07-28 00:00:00,266.6,0.8517571884984027
MRKP,2024-06-28 00:00:00,0.2929,2024-07-28 00:00:00,0.3012,1.0283373164902698
LSNG,2024-07-02 00:00:00,18.45,2024-08-01 00:00:00,16.72,0.9062330623306232
LSNGP,2024-07-02 00:00:00,205.75,2024-08-01 00:00:00,210.3,1.0221142162818957
MRKU,2024-06-14 00:00:00,0.53,2024-07-14 00:00:00,0.4224,0.7969811320754716
MRKC,2024-07-04 00:00:00,0.5138,2024-08-03 00:00:00,0.4512,0.8781627092253794
MSRS,2024-07-05 00:00:00,1.161,2024-08-04 00:00:00,1.196,1.0301464254952626
STSB,2024-07-06 00:00:00,2.84,2024-08-05 00:00:00,2.685,0.9454225352112676
STSBP,2024-07-06 00:00:00,2.792,2024-08-05 00:00:00,2.94,1.053008595988539
SVAV,2024-07-05 00:00:00,886.0,2024-08-04 00:00:00,807.0,0.9108352144469526
TATN,2024-07-04 00:00:00,699.1,2024-08-03 00:00:00,622.9,0.8910027177800028
TATNP,2024-07-04 00:00:00,676.7,2024-08-03 00:00:00,607.7,0.8980345795773608
AQUA,2024-07-08 00:00:00,815.0,2024-08-07 00:00:00,761.0,0.9337423312883436
SIBN,2024-07-08 00:00:00,671.3,2024-08-07 00:00:00,672.65,1.0020110233874573
SVCB,2024-07-08 00:00:00,15.7,2024-08-07 00:00:00,14.17,0.902547770700637
KZOS,2024-07-09 00:00:00,97.2,2024-08-08 00:00:00,93.4,0.9609053497942388
KZOSP,2024-07-09 00:00:00,23.45,2024-08-08 00:00:00,23.17,0.9880597014925374
MSNG,2024-07-09 00:00:00,2.7985,2024-08-08 00:00:00,2.5755,0.9203144541718776
NKNC,2024-07-09 00:00:00,90.0,2024-08-08 00:00:00,87.85,0.976111111111111
NKNCP,2024-07-09 00:00:00,68.4,2024-08-08 00:00:00,70.04,1.0239766081871344
ROSN,2024-07-09 00:00:00,524.6,2024-08-08 00:00:00,508.45,0.969214639725505
BANE,2024-07-12 00:00:00,2723.0,2024-08-11 00:00:00,2694.5,0.9895336026441424
BANEP,2024-07-12 00:00:00,1643.0,2024-08-11 00:00:00,1534.0,0.9336579427875836
NMTP,2024-07-10 00:00:00,7.9,2024-08-09 00:00:00,8.82,1.1164556962025316
SBER,2024-07-11 00:00:00,295.87,2024-08-10 00:00:00,281.44,0.9512285801196472
SBERP,2024-07-11 00:00:00,296.0,2024-08-10 00:00:00,280.0,0.945945945945946
KGKC,2024-07-15 00:00:00,45.8,2024-08-14 00:00:00,47.4,1.034934497816594
KGKCP,2024-07-15 00:00:00,47.2,2024-08-14 00:00:00,51.8,1.097457627118644
MGNT,2024-07-15 00:00:00,5890.0,2024-08-14 00:00:00,5631.5,0.956112054329372
KMAZ,2024-07-16 00:00:00,138.2,2024-08-15 00:00:00,135.9,0.9833574529667152
MTSS,2024-07-16 00:00:00,220.85,2024-08-15 00:00:00,222.5,1.0074711342540186
ABRD,2024-07-17 00:00:00,216.6,2024-08-16 00:00:00,227.0,1.0480147737765466
AFKS,2024-07-17 00:00:00,21.288,2024-08-16 00:00:00,19.817,0.9309000375798572
FLOT,2024-07-20 00:00:00,109.34,2024-08-19 00:00:00,102.73,0.939546369123834
SNGS,2024-07-18 00:00:00,27.855,2024-08-17 00:00:00,26.01,0.9337641357027464
SNGSP,2024-07-18 00:00:00,49.27,2024-08-17 00:00:00,48.165,0.9775725593667546
DIAS,2024-07-09 00:00:00,5030.0,2024-08-08 00:00:00,4935.0,0.9811133200795228
ABRD,2022-08-07 00:00:00,173.0,2022-09-06 00:00:00,189.0,1.092485549132948
AKRN,2022-09-03 00:00:00,17736.0,2022-10-03 00:00:00,14842.0,0.8368290482634191
AQUA,2022-11-07 00:00:00,613.0,2022-12-07 00:00:00,622.0,1.0146818923327896
AQUA,2022-11-09 00:00:00,589.0,2022-12-09 00:00:00,615.5,1.0449915110356536
AQUA,2023-09-12 00:00:00,995.0,2023-10-12 00:00:00,996.0,1.0010050251256282
AQUA,2023-11-07 00:00:00,994.0,2023-12-07 00:00:00,828.0,0.8329979879275654
AQUA,2024-06-10 00:00:00,850.0,2024-07-10 00:00:00,740.5,0.8711764705882353
AQUA,2024-08-07 00:00:00,756.5,2024-09-06 00:00:00,617.0,0.8155981493721084
BANE,2022-11-07 00:00:00,955.0,2022-12-07 00:00:00,928.0,0.9717277486910996
BANEP,2022-11-07 00:00:00,717.5,2022-12-07 00:00:00,691.5,0.9637630662020906
BSPB,2023-09-10 00:00:00,298.21,2023-10-10 00:00:00,272.7,0.914456255658764
BSPB,2023-10-05 00:00:00,281.99,2023-11-04 00:00:00,238.4,0.8454200503563956
BSPB,2024-06-05 00:00:00,355.19,2024-07-05 00:00:00,375.01,1.055801120527042
BSPBP,2023-09-10 00:00:00,69.8,2023-10-10 00:00:00,66.0,0.9455587392550144
BSPBP,2023-10-05 00:00:00,65.2,2023-11-04 00:00:00,63.4,0.9723926380368098
BSPBP,2024-06-05 00:00:00,47.8,2024-07-05 00:00:00,51.5,1.0774058577405858
CHKZ,2023-10-07 00:00:00,22100.0,2023-11-06 00:00:00,30800.0,1.3936651583710409
CNTL,2022-04-07 00:00:00,10.2,2022-05-07 00:00:00,9.3,0.911764705882353
CNTLP,2022-04-07 00:00:00,6.84,2022-05-07 00:00:00,6.22,0.9093567251461988
DIAS,2024-09-07 00:00:00,5470.0,2024-10-07 00:00:00,5200.5,0.9507312614259598
DIOD,2022-04-07 00:00:00,7.6,2022-05-07 00:00:00,6.99,0.9197368421052632
EELT,2022-12-10 00:00:00,6.1,2023-01-09 00:00:00,6.56,1.0754098360655735
FLOT,2023-05-07 00:00:00,55.9,2023-06-06 00:00:00,91.79,1.6420393559928446
FLOT,2024-07-01 00:00:00,123.44,2024-07-31 00:00:00,105.6,0.8554763447828905
GAZP,2022-11-10 00:00:00,168.9,2022-12-10 00:00:00,162.75,0.9635879218472468
GCHE,2023-01-10 00:00:00,2763.5,2023-02-09 00:00:00,2952.0,1.0682106024968336
GCHE,2024-07-04 00:00:00,4592.5,2024-08-03 00:00:00,4410.0,0.9602612955906368
HIMC,2022-11-07 00:00:00,0.99,2022-12-07 00:00:00,0.99,1.0
HIMCP,2022-11-07 00:00:00,8.2,2022-12-07 00:00:00,8.63,1.0524390243902442
HNFG,2024-03-06 00:00:00,649.0,2024-04-05 00:00:00,733.8,1.1306625577812015
HYDR,2022-10-07 00:00:00,0.6363,2022-11-06 00:00:00,0.7913,1.2435957881502435
HYDR,2023-11-07 00:00:00,0.815,2023-12-07 00:00:00,0.7151,0.8774233128834356
IRAO,2022-10-06 00:00:00,2.7465,2022-11-05 00:00:00,3.029,1.1028581831421809
IRAO,2024-03-06 00:00:00,4.07,2024-04-05 00:00:00,4.262,1.047174447174447
KAZT,2022-03-10 00:00:00,290.0,2022-04-09 00:00:00,448.0,1.5448275862068963
KAZTP,2022-03-10 00:00:00,305.6,2022-04-09 00:00:00,477.0,1.5608638743455496
KBSB,2023-01-06 00:00:00,149.5,2023-02-05 00:00:00,161.0,1.0769230769230769
KMAZ,2023-11-07 00:00:00,236.3,2023-12-07 00:00:00,184.0,0.7786711807024967
KRKN,2023-12-07 00:00:00,11250.0,2024-01-06 00:00:00,11700.0,1.04
KRKNP,2023-12-07 00:00:00,11500.0,2024-01-06 00:00:00,12200.0,1.0608695652173914
KRSB,2022-02-06 00:00:00,8.3,2022-03-08 00:00:00,5.99,0.7216867469879518
KRSB,2023-02-06 00:00:00,9.43,2023-03-08 00:00:00,9.89,1.048780487804878
KRSBP,2022-02-06 00:00:00,8.7,2022-03-08 00:00:00,6.7,0.7701149425287357
KRSBP,2023-02-06 00:00:00,9.7,2023-03-08 00:00:00,9.74,1.0041237113402062
KUZB,2023-11-07 00:00:00,0.0621,2023-12-07 00:00:00,0.0474,0.7632850241545893
KUZB,2023-11-12 00:00:00,0.0583,2023-12-12 00:00:00,0.044,0.7547169811320754
KZOS,2022-11-07 00:00:00,89.5,2022-12-07 00:00:00,88.5,0.988826815642458
KZOS,2023-11-07 00:00:00,119.3,2023-12-07 00:00:00,98.0,0.8214585079631183
KZOS,2024-09-07 00:00:00,88.2,2024-10-07 00:00:00,83.3,0.9444444444444444
KZOSP,2022-11-07 00:00:00,19.09,2022-12-07 00:00:00,20.36,1.0665269774751178
KZOSP,2023-11-07 00:00:00,30.83,2023-12-07 00:00:00,23.64,0.766785598443075
KZOSP,2024-09-07 00:00:00,21.3,2024-10-07 00:00:00,20.5,0.9624413145539906
LKOH,2023-05-06 00:00:00,4564.5,2023-06-05 00:00:00,5166.5,1.1318873918282395
LKOH,2024-07-05 00:00:00,7201.0,2024-08-04 00:00:00,6591.0,0.9152895431190112
LSNG,2022-10-06 00:00:00,5.53,2022-11-05 00:00:00,6.41,1.159132007233273
LSNG,2023-08-01 00:00:00,19.85,2023-08-31 00:00:00,28.96,1.4589420654911838
LSNG,2024-02-07 00:00:00,24.27,2024-03-08 00:00:00,23.51,0.9686856201071282
LSNGP,2022-10-06 00:00:00,116.85,2022-11-05 00:00:00,135.05,1.1557552417629442
LSNGP,2023-08-01 00:00:00,212.55,2023-08-31 00:00:00,208.05,0.9788285109386028
LSNGP,2024-02-07 00:00:00,207.5,2024-03-08 00:00:00,201.7,0.9720481927710842
LSRG,2024-02-05 00:00:00,752.4,2024-03-06 00:00:00,997.8,1.3261562998405103
LVHK,2022-01-06 00:00:00,16.1,2022-02-05 00:00:00,14.36,0.8919254658385092
MOEX,2023-12-05 00:00:00,202.88,2024-01-04 00:00:00,193.84,0.955441640378549
MRKC,2023-08-01 00:00:00,0.5176,2023-08-31 00:00:00,0.6,1.1591962905718702
MRKC,2024-04-07 00:00:00,0.598,2024-05-07 00:00:00,0.6406,1.07123745819398
MRKP,2023-08-01 00:00:00,0.3636,2023-08-31 00:00:00,0.3856,1.0605060506050603
MRSB,2023-05-12 00:00:00,0.524,2023-06-11 00:00:00,0.522,0.9961832061068704
MSNG,2022-11-07 00:00:00,1.827,2022-12-07 00:00:00,1.72,0.9414340448823209
MSNG,2023-04-07 00:00:00,2.3215,2023-05-07 00:00:00,2.4,1.0338143441740255
MSNG,2024-09-07 00:00:00,2.2885,2024-10-07 00:00:00,2.5245,1.1031243172383658
MSRS,2022-03-07 00:00:00,0.8115,2022-04-06 00:00:00,1.0245,1.2624768946395564
MSRS,2023-08-01 00:00:00,1.344,2023-08-31 00:00:00,1.4455,1.0755208333333333
MSRS,2024-05-07 00:00:00,1.4715,2024-06-06 00:00:00,1.317,0.8950050968399592
MTSS,2022-12-07 00:00:00,233.5,2023-01-06 00:00:00,236.5,1.012847965738758
NAUK,2023-05-06 00:00:00,339.0,2023-06-05 00:00:00,340.0,1.0029498525073746
NKHP,2022-11-07 00:00:00,298.5,2022-12-07 00:00:00,294.5,0.9865996649916248
NKHP,2023-12-07 00:00:00,868.0,2024-01-06 00:00:00,1011.0,1.1647465437788018
NKHP,2024-08-01 00:00:00,835.5,2024-08-31 00:00:00,755.0,0.9036505086774388
NKNC,2022-11-07 00:00:00,92.2,2022-12-07 00:00:00,85.9,0.9316702819956616
NKNC,2023-11-07 00:00:00,124.5,2023-12-07 00:00:00,100.2,0.8048192771084337
NKNC,2024-09-07 00:00:00,86.3,2024-10-07 00:00:00,90.95,1.0538818076477403
NKNCP,2022-11-07 00:00:00,76.16,2022-12-07 00:00:00,68.28,0.8965336134453782
NKNCP,2023-11-07 00:00:00,81.4,2023-12-07 00:00:00,72.3,0.8882063882063881
NKNCP,2024-09-07 00:00:00,68.88,2024-10-07 00:00:00,68.68,0.997096399535424
NMTP,2022-12-07 00:00:00,4.685,2023-01-06 00:00:00,4.575,0.976520811099253
NMTP,2023-12-07 00:00:00,10.07,2024-01-06 00:00:00,12.39,1.23038728897716
NVTK,2022-09-10 00:00:00,1187.0,2022-10-10 00:00:00,960.0,0.8087615838247684
NVTK,2023-03-05 00:00:00,1077.0,2023-04-04 00:00:00,1198.2,1.1125348189415043
OGKB,2022-11-07 00:00:00,0.5221,2022-12-07 00:00:00,0.5206,0.9971269871672092
OGKB,2023-10-07 00:00:00,0.5813,2023-11-06 00:00:00,0.5931,1.020299329089971
PHOR,2022-03-10 00:00:00,5035.0,2022-04-09 00:00:00,6960.0,1.3823237338629593
PHOR,2023-11-07 00:00:00,6775.0,2023-12-07 00:00:00,6662.0,0.9833210332103322
POLY,2022-06-05 00:00:00,478.3,2022-07-05 00:00:00,360.1,0.7528747647919716
POSI,2022-08-05 00:00:00,1009.6,2022-09-04 00:00:00,1220.0,1.2083993660855783
POSI,2023-03-12 00:00:00,1711.0,2023-04-11 00:00:00,1724.8,1.0080654587960256
ABRD,2022-07-08,175.0,2022-08-07,172.0,0.9828571428571428
ABRD,2023-07-17,334.0,2023-08-16,332.4,0.9952095808383232
ABRD,2024-07-17,216.6,2024-08-16,224.8,1.0378578024007388
AFKS,2023-07-19,17.648,2023-08-18,17.864,1.012239347234814
AFKS,2024-07-17,21.288,2024-08-16,19.815,0.930806087936866
AKRN,2022-03-09,14076.0,2022-04-08,20160.0,1.432225063938619
AKRN,2024-05-19,16400.0,2024-06-18,15820.0,0.9646341463414634
ALRS,2023-10-18,72.82,2023-11-17,66.66,0.9154078549848944
ALRS,2024-05-31,74.98,2024-06-30,70.83,0.9446519071752466
AQUA,2022-07-11,512.0,2022-08-10,553.0,1.080078125
AQUA,2022-09-11,641.5,2022-10-11,540.5,0.8425565081839439
AQUA,2022-12-18,581.0,2023-01-17,605.0,1.0413080895008606
AQUA,2023-07-11,633.0,2023-08-10,804.0,1.2701421800947867
AQUA,2023-09-22,893.0,2023-10-22,966.0,1.0817469204927213
AQUA,2023-12-09,788.5,2024-01-08,897.5,1.1382371591629676
AQUA,2024-07-08,815.0,2024-08-07,756.5,0.9282208588957056
AVAN,2022-11-28,980.0,2022-12-28,955.0,0.9744897959183674
AVAN,2023-02-14,1425.0,2023-03-16,1075.0,0.7543859649122807
AVAN,2023-05-22,1065.0,2023-06-21,1155.0,1.0845070422535212
AVAN,2023-09-25,1072.0,2023-10-25,1156.0,1.078358208955224
AVAN,2023-11-23,1052.0,2023-12-23,982.0,0.9334600760456274
AVAN,2024-05-29,853.0,2024-06-28,747.0,0.8757327080890973
BANE,2022-07-11,1012.5,2022-08-10,990.0,0.9777777777777776
BANE,2023-07-07,1841.0,2023-08-06,1904.0,1.0342205323193916
BANE,2024-07-12,2723.0,2024-08-11,2694.5,0.9895336026441424
BANEP,2022-07-11,715.0,2022-08-10,649.0,0.9076923076923076
BANEP,2023-07-07,1366.0,2023-08-06,1394.0,1.020497803806735
BANEP,2024-07-12,1643.0,2024-08-11,1534.0,0.9336579427875836
BSPB,2022-06-14,67.92,2022-07-14,67.57,0.9948468786808008
BSPB,2022-08-29,92.4,2022-09-28,77.11,0.8345238095238094
BSPB,2023-05-10,146.05,2023-06-09,167.11,1.1441971927422117
BSPB,2023-10-09,262.38,2023-11-08,263.62,1.004725969967223
BSPB,2024-05-06,313.77,2024-06-05,355.19,1.1320075214328968
BSPBP,2022-06-14,12.7,2022-07-14,13.25,1.0433070866141734
BSPBP,2022-08-29,15.4,2022-09-28,13.4,0.8701298701298701
BSPBP,2023-05-10,27.7,2023-06-09,77.6,2.8014440433212995
BSPBP,2023-10-09,63.8,2023-11-08,64.85,1.0164576802507836
BSPBP,2024-05-06,53.05,2024-06-05,47.8,0.9010367577756832
CHKZ,2022-03-21,6900.0,2022-04-20,6220.0,0.9014492753623188
CHKZ,2023-07-10,12700.0,2023-08-09,13700.0,1.078740157480315
CHKZ,2024-05-27,26700.0,2024-06-26,27050.0,1.0131086142322097
CHMF,2024-06-18,1555.6,2024-07-18,1471.8,0.9461301105682696
CNTL,2022-07-04,9.38,2022-08-03,9.18,0.9786780383795308
CNTLP,2022-07-04,7.46,2022-08-03,6.96,0.9329758713136728
DIAS,2024-03-21,5900.5,2024-04-20,6345.0,1.075332598932294
DIAS,2024-07-09,5030.0,2024-08-08,4935.0,0.9811133200795228
DIOD,2022-07-04,7.4,2022-08-03,7.34,0.991891891891892
DIOD,2023-07-07,11.76,2023-08-06,14.38,1.2227891156462587
EELT,2022-10-12,5.08,2022-11-11,5.3,1.0433070866141732
EELT,2023-07-07,12.18,2023-08-06,13.14,1.078817733990148
EELT,2023-12-18,12.76,2024-01-17,13.84,1.084639498432602
FIXP,2024-01-26,320.0,2024-02-25,307.1,0.9596875
FLOT,2023-07-05,89.2,2023-08-04,106.3,1.1917040358744393
FLOT,2024-01-07,143.85,2024-02-06,142.98,0.9939520333680916
FLOT,2024-07-20,109.34,2024-08-19,101.2,0.9255533199195172
GAZP,2022-10-11,162.89,2022-11-10,168.9,1.0368960648290255
GCHE,2022-12-12,2718.0,2023-01-11,2782.0,1.0235467255334805
GCHE,2023-10-01,4169.0,2023-10-31,4022.0,0.9647397457423844
GCHE,2024-04-07,5021.5,2024-05-07,5009.5,0.9976102758139996
HHRU,2022-01-24,2846.0,2022-02-23,2988.0,1.049894588896697
HIMC,2022-07-11,0.99,2022-08-10,0.99,1.0
HIMCP,2022-07-11,8.45,2022-08-10,7.91,0.9360946745562132
HNFG,2024-06-03,679.0,2024-07-03,712.3,1.049042709867452
HYDR,2022-07-10,0.8025,2022-08-09,0.755,0.940809968847352
HYDR,2023-07-11,0.8293,2023-08-10,0.9009,1.086337875316532
IRAO,2022-06-10,3.14,2022-07-10,3.399,1.082484076433121
IRAO,2023-05-30,4.1225,2023-06-29,4.0425,0.9805942995755004
IRAO,2024-06-03,3.794,2024-07-03,3.936,1.0374275171323142
JNOS,2022-07-15,13.75,2022-08-14,13.85,1.007272727272727
JNOS,2023-07-18,29.55,2023-08-17,29.8,1.0084602368866329
JNOSP,2022-07-15,9.78,2022-08-14,9.7,0.9918200408997956
JNOSP,2023-07-18,19.86,2023-08-17,17.7,0.8912386706948641
KAZT,2022-05-23,427.0,2022-06-22,420.0,0.9836065573770492
KAZT,2022-10-03,395.0,2022-11-02,411.6,1.0420253164556963
KAZT,2023-05-22,686.2,2023-06-21,632.0,0.9210142815505684
KAZT,2023-12-12,658.0,2024-01-11,699.0,1.0623100303951367
KAZT,2024-05-27,600.0,2024-06-26,581.0,0.9683333333333334
KAZTP,2022-05-23,443.6,2022-06-22,430.4,0.9702434625788998
KAZTP,2022-10-03,397.4,2022-11-02,417.8,1.051333668847509
KAZTP,2023-05-22,706.6,2023-06-21,655.2,0.9272572884234362
KAZTP,2023-12-12,658.0,2024-01-11,725.5,1.1025835866261398
KAZTP,2024-05-27,603.0,2024-06-26,596.5,0.9892205638474296
KBSB,2022-07-14,131.5,2022-08-13,139.5,1.0608365019011408
KBSB,2023-06-01,249.0,2023-07-01,283.0,1.1365461847389555
KGKC,2022-12-23,33.6,2023-01-22,34.4,1.0238095238095235
KGKC,2023-07-17,53.2,2023-08-16,71.0,1.3345864661654134
KGKC,2024-07-15,45.8,2024-08-14,47.6,1.0393013100436683
KGKCP,2022-12-23,36.8,2023-01-22,38.4,1.0434782608695652
KGKCP,2023-07-17,60.8,2023-08-16,58.2,0.9572368421052632
KGKCP,2024-07-15,47.2,2024-08-14,52.0,1.1016949152542372
KMAZ,2023-07-11,205.7,2023-08-10,237.5,1.1545940690325718
KMAZ,2024-07-16,138.2,2024-08-15,134.2,0.9710564399421128
KRKN,2023-07-12,11700.0,2023-08-11,14600.0,1.247863247863248
KRKNP,2023-07-12,13100.0,2023-08-11,14200.0,1.083969465648855
KRSB,2022-06-02,7.6,2022-07-02,7.12,0.936842105263158
KRSB,2023-06-02,13.01,2023-07-02,14.54,1.1176018447348193
KRSB,2024-06-10,16.6,2024-07-10,15.38,0.9265060240963856
KRSBP,2022-06-02,8.18,2022-07-02,7.78,0.9511002444987776
KRSBP,2023-06-02,13.28,2023-07-02,14.58,1.0978915662650603
KRSBP,2024-06-10,17.12,2024-07-10,15.28,0.8925233644859812
KUBE,2022-06-27,56.8,2022-07-27,56.5,0.994718309859155
KUBE,2022-12-16,61.7,2023-01-15,59.9,0.9708265802269044
KUBE,2023-06-30,206.0,2023-07-30,333.0,1.616504854368932
KUBE,2024-06-28,313.0,2024-07-28,266.6,0.8517571884984027
KUZB,2023-07-11,0.05701,2023-08-10,0.068,1.1927731976846168
KUZB,2023-12-11,0.04595,2024-01-10,0.0574,1.249183895538629
KUZB,2024-06-18,0.04935,2024-07-18,0.0437,0.8855116514690984
KZOS,2022-07-11,70.3,2022-08-10,86.1,1.22475106685633
KZOS,2023-07-11,110.6,2023-08-10,115.3,1.04249547920434
KZOS,2024-07-09,97.2,2024-08-08,93.3,0.9598765432098764
KZOSP,2022-07-11,15.61,2022-08-10,18.65,1.1947469570787956
KZOSP,2023-07-11,28.96,2023-08-10,32.36,1.117403314917127
KZOSP,2024-07-09,23.45,2024-08-08,23.15,0.9872068230277186
LEAS,2024-06-11,988.0,2024-07-11,893.6,0.9044534412955466
LKOH,2022-12-21,4040.5,2023-01-20,3944.0,0.9761168172255908
LKOH,2023-06-05,5166.5,2023-07-05,5298.5,1.0255492112648794
LKOH,2023-12-17,6723.5,2024-01-16,6857.0,1.0198557299025806
LKOH,2024-05-07,7722.5,2024-06-06,7398.0,0.9579799287795404
LNZL,2022-07-13,7830.0,2022-08-12,7670.0,0.979565772669221
LNZL,2022-11-28,14490.0,2022-12-28,13050.0,0.9006211180124224
LNZL,2023-07-13,15000.0,2023-08-12,16100.0,1.0733333333333333
LNZLP,2022-07-13,1440.0,2022-08-12,1545.0,1.0729166666666667
LNZLP,2023-07-13,3100.0,2023-08-12,3080.0,0.9935483870967742
LSNG,2022-06-10,6.84,2022-07-10,6.9,1.0087719298245614
LSNG,2023-01-08,8.57,2023-02-07,11.23,1.310385064177363
LSNG,2023-06-27,14.84,2023-07-27,18.32,1.2345013477088949
LSNG,2024-07-02,18.45,2024-08-01,16.68,0.9040650406504064
LSNGP,2022-06-10,136.25,2022-07-10,150.05,1.101284403669725
LSNGP,2023-01-08,122.8,2023-02-07,125.75,1.0240228013029316
LSNGP,2023-06-27,204.35,2023-07-27,208.85,1.022021042329337
LSNGP,2024-07-02,205.75,2024-08-01,211.95,1.0301336573511544
LSRG,2023-07-07,710.6,2023-08-06,763.6,1.0745848578665915
LSRG,2024-05-02,969.0,2024-06-01,779.4,0.8043343653250774
LVHK,2022-06-01,12.12,2022-07-01,12.06,0.9950495049504952
MAGN,2022-01-13,67.38,2022-02-12,62.3,0.9246067082220244
MAGN,2024-06-10,55.06,2024-07-10,49.585,0.9005630221576462
MGNT,2024-01-11,7114.5,2024-02-10,7283.0,1.023684025581559
MGNT,2024-07-15,5890.0,2024-08-14,5559.0,0.9438030560271646
MISB,2022-07-13,13.3,2022-08-12,13.2,0.9924812030075189
MISB,2023-05-22,35.4,2023-06-21,39.3,1.1101694915254237
MISBP,2022-07-13,11.7,2022-08-12,11.3,0.965811965811966
MISBP,2023-05-22,47.7,2023-06-21,45.2,0.9475890985324948
MOEX,2023-05-12,109.17,2023-06-11,126.2,1.155995236786663
MOEX,2024-06-14,240.1,2024-07-14,227.88,0.9491045397750936
MRKC,2022-06-28,0.2666,2022-07-28,0.2408,0.9032258064516128
MRKC,2023-01-08,0.283,2023-02-07,0.2862,1.0113074204946997
MRKC,2023-06-23,0.4008,2023-07-23,0.4828,1.2045908183632734
MRKC,2024-07-04,0.5138,2024-08-03,0.4512,0.8781627092253794
MRKP,2022-06-27,0.1852,2022-07-27,0.17,0.91792656587473
MRKP,2023-01-08,0.2009,2023-02-07,0.2064,1.0273768043802889
MRKP,2023-06-23,0.2411,2023-07-23,0.3206,1.3297386976358356
MRKP,2024-06-28,0.2929,2024-07-28,0.3012,1.0283373164902698
MRKV,2022-06-28,0.0308,2022-07-28,0.03015,0.9788961038961038
MRSB,2023-07-07,0.56,2023-08-06,0.736,1.314285714285714
MRSB,2023-12-05,0.867,2024-01-04,0.848,0.978085351787774
MSNG,2022-07-11,1.85,2022-08-10,1.777,0.9605405405405404
MSNG,2023-07-04,2.8475,2023-08-03,3.15,1.106233538191396
MSNG,2024-07-09,2.7985,2024-08-08,2.526,0.902626407003752
MSRS,2022-07-03,0.887,2022-08-02,0.8635,0.9735062006764374
MSRS,2023-01-08,0.9305,2023-02-07,0.9505,1.0214938205265989
MSRS,2023-06-30,1.172,2023-07-30,1.34,1.143344709897611
MSRS,2024-07-05,1.161,2024-08-04,1.196,1.0301464254952626
MTSS,2022-07-12,236.85,2022-08-11,245.5,1.0365210048553937
MTSS,2023-06-29,303.5,2023-07-29,287.55,0.9474464579901154
MTSS,2024-07-16,220.85,2024-08-15,222.6,1.0079239302694136
NAUK,2022-09-30,172.4,2022-10-30,187.4,1.0870069605568446
NAUK,2023-06-05,340.0,2023-07-05,350.0,1.0294117647058822
NAUK,2024-05-28,641.0,2024-06-27,604.0,0.9422776911076444
NKHP,2022-07-11,313.5,2022-08-10,297.5,0.94896331738437
NKHP,2023-07-12,755.0,2023-08-11,1267.5,1.6788079470198676
NKHP,2024-01-08,1003.5,2024-02-07,1187.5,1.1833582461385153
NKNC,2022-07-11,80.0,2022-08-10,85.95,1.074375
NKNC,2023-07-11,122.2,2023-08-10,139.1,1.1382978723404256
NKNC,2024-07-09,90.0,2024-08-08,87.6,0.9733333333333332
NKNCP,2022-07-11,65.12,2022-08-10,74.74,1.1477272727272725
NKNCP,2023-07-11,83.1,2023-08-10,88.92,1.0700361010830326
NKNCP,2024-07-09,68.4,2024-08-08,69.5,1.0160818713450293
NLMK,2024-05-27,219.22,2024-06-26,177.78,0.8109661527232916
NMTP,2022-07-12,5.01,2022-08-11,4.795,0.9570858283433132
NMTP,2023-07-12,9.26,2023-08-11,14.995,1.619330453563715
NMTP,2024-07-10,7.9,2024-08-09,8.82,1.1164556962025316
NVTK,2022-05-05,1009.2,2022-06-04,817.0,0.8095521204914784
NVTK,2022-10-09,960.0,2022-11-08,1134.8,1.1820833333333334
NVTK,2023-05-03,1223.8,2023-06-02,1340.4,1.0952770060467398
NVTK,2023-10-10,1717.4,2023-11-09,1612.2,0.9387446139513216
NVTK,2024-03-26,1316.8,2024-04-25,1239.6,0.9413730255164032
OGKB,2022-07-11,0.555,2022-08-10,0.5226,0.9416216216216214
OGKB,2023-07-10,0.6688,2023-08-09,0.685,1.0242224880382778
PHOR,2022-10-03,6288.0,2022-11-02,6507.0,1.0348282442748091
PHOR,2022-12-19,5959.0,2023-01-18,6376.0,1.0699781842591038
PHOR,2023-04-04,7301.0,2023-05-04,7109.0,0.9737022325708808
PHOR,2023-07-11,7278.0,2023-08-10,7500.0,1.030502885408079
PHOR,2023-12-25,6668.0,2024-01-24,6756.0,1.0131973605278943
PMSB,2022-05-22,123.9,2022-06-21,118.4,0.9556093623890234
PMSB,2023-05-23,155.0,2023-06-22,155.7,1.004516129032258
PMSB,2024-05-26,246.0,2024-06-25,210.8,0.8569105691056911
PMSBP,2022-05-22,124.8,2022-06-21,118.2,0.9471153846153848
PMSBP,2023-05-23,157.2,2023-06-22,159.6,1.015267175572519
PMSBP,2024-05-26,253.2,2024-06-25,216.0,0.8530805687203792
POLY,2022-05-06,691.0,2022-06-05,505.0,0.7308248914616498
POSI,2022-05-08,950.0,2022-06-07,850.0,0.8947368421052632
POSI,2022-11-14,1258.8,2022-12-14,1243.0,0.9874483635208136
POSI,2023-04-16,1709.4,2023-05-16,1704.0,0.9968409968409968
POSI,2023-12-03,2020.0,2024-01-02,1996.8,0.9885148514851484
POSI,2024-04-20,2944.0,2024-05-20,3047.8,1.035258152173913
PRMB,2022-05-30,39000.0,2022-06-29,38000.0,0.9743589743589745
PRMB,2022-10-11,32600.0,2022-11-10,33200.0,1.01840490797546
PRMB,2023-05-02,37600.0,2023-06-01,36400.0,0.9680851063829788
PRMB,2024-05-06,37200.0,2024-06-05,33000.0,0.8870967741935484
RASP,2022-01-18,386.2,2022-02-17,495.25,1.2823666494044537
RDRB,2022-09-20,158.0,2022-10-20,138.0,0.8734177215189873
RDRB,2023-05-22,183.0,2023-06-21,230.0,1.2568306010928962
RGSS,2024-03-18,0.3264,2024-04-17,0.3098,0.9491421568627452
ROSB,2023-06-09,102.0,2023-07-09,99.2,0.9725490196078432
ROSB,2024-05-27,114.0,2024-06-26,105.2,0.9228070175438596
ROSN,2022-07-11,343.8,2022-08-10,339.5,0.9874927283304248
ROSN,2023-01-12,346.85,2023-02-11,351.0,1.0119648262937868
ROSN,2023-07-11,478.8,2023-08-10,535.2,1.117794486215539
ROSN,2024-01-11,579.6,2024-02-10,589.75,1.017512077294686
ROSN,2024-07-09,524.6,2024-08-08,503.2,0.9592070148684712
RTKM,2022-07-20,61.03,2022-08-19,60.33,0.9885302310339176
RTKM,2023-12-01,74.82,2023-12-31,68.49,0.9153969526864476
RTKMP,2022-07-20,60.35,2022-08-19,61.1,1.012427506213753
RTKMP,2023-12-01,67.85,2023-12-31,62.7,0.9240972733971998
RTSB,2022-07-20,0.532,2022-08-19,0.536,1.0075187969924813
RTSB,2023-05-23,1.518,2023-06-22,1.72,1.133069828722003
RTSBP,2022-07-20,0.498,2022-08-19,0.529,1.062248995983936
RTSBP,2023-05-23,1.145,2023-06-22,1.15,1.004366812227074
RZSB,2022-06-09,16.7,2022-07-09,15.42,0.9233532934131736
RZSB,2023-06-01,33.8,2023-07-01,34.36,1.0165680473372782
RZSB,2024-06-10,40.3,2024-07-10,34.5,0.8560794044665013
SAGO,2023-07-09,2.908,2023-08-08,4.47,1.5371389270976616
SAGOP,2023-07-09,2.914,2023-08-08,3.994,1.370624571036376
SBER,2023-05-11,229.32,2023-06-10,240.4,1.048316762602477
SBER,2024-07-11,295.87,2024-08-10,281.44,0.9512285801196472
SBERP,2023-05-11,226.55,2023-06-10,238.49,1.0527035974398586
SBERP,2024-07-11,296.0,2024-08-10,280.0,0.945945945945946
SELG,2022-06-21,46.38,2022-07-21,34.17,0.7367399741267788
SELG,2023-12-03,63.69,2024-01-02,62.39,0.9795886324383736
SELG,2024-06-15,68.94,2024-07-15,53.5,0.7760371337394837
SFIN,2023-12-14,518.6,2024-01-13,764.0,1.473197069032009
SFIN,2024-06-17,1295.0,2024-07-17,1292.4,0.997992277992278
SGZH,2022-06-02,8.221,2022-07-02,8.088,0.9838219194745164
SIBN,2022-07-08,390.3,2022-08-07,373.0,0.9556751217012556
SIBN,2022-12-30,459.5,2023-01-29,447.0,0.972796517954298
SIBN,2023-07-10,524.55,2023-08-09,587.6,1.120198265179678
SIBN,2023-12-27,857.05,2024-01-26,816.85,0.9530949186161836
SIBN,2024-07-08,671.3,2024-08-07,674.1,1.0041710114702815
SMLT,2022-07-11,2571.0,2022-08-10,2780.0,1.0812913263321664
SMLT,2022-10-12,2124.0,2022-11-11,2490.0,1.1723163841807909
SNGS,2022-07-20,24.9,2022-08-19,25.745,1.0339357429718876
SNGS,2023-07-20,28.355,2023-08-19,30.595,1.0789984129783106
SNGS,2024-07-18,27.855,2024-08-17,26.01,0.9337641357027464
SNGSP,2022-07-20,28.91,2022-08-19,28.95,1.0013836042891733
SNGSP,2023-07-20,42.025,2023-08-19,49.61,1.1804878048780487
SNGSP,2024-07-18,49.27,2024-08-17,48.165,0.9775725593667546
STSB,2022-07-04,0.682,2022-08-03,0.768,1.126099706744868
STSB,2024-07-06,2.84,2024-08-05,2.53,0.8908450704225351
STSBP,2022-07-04,0.558,2022-08-03,0.5585,1.0008960573476702
STSBP,2024-07-06,2.792,2024-08-05,2.926,1.0479942693409745
SVAV,2023-07-10,817.5,2023-08-09,892.0,1.091131498470948
SVAV,2024-07-05,886.0,2024-08-04,807.0,0.9108352144469526
SVCB,2024-07-08,15.7,2024-08-07,14.65,0.9331210191082804
TATN,2022-07-08,409.9,2022-08-07,387.0,0.9441327152964138
TATN,2022-10-11,353.0,2022-11-10,388.3,1.1
TATN,2023-01-10,345.7,2023-02-09,324.4,0.9383858837142032
TATN,2023-07-04,493.4,2023-08-03,547.7,1.1100526955816783
TATN,2023-10-11,618.8,2023-11-10,620.0,1.0019392372333549
TATN,2024-01-09,686.7,2024-02-08,709.6,1.0333478957332167
TATN,2024-07-04,699.1,2024-08-03,622.9,0.8910027177800028
TATNP,2022-07-08,361.9,2022-08-07,362.1,1.0005526388505113
TATNP,2022-10-11,339.4,2022-11-10,375.0,1.10489098408957
TATNP,2023-01-10,336.7,2023-02-09,324.6,0.9640629640629642
TATNP,2023-07-04,491.6,2023-08-03,530.8,1.0797396257119607
TATNP,2023-10-11,618.7,2023-11-10,609.1,0.9844835946339098
TATNP,2024-01-09,686.5,2024-02-08,707.1,1.0300072833211944
TATNP,2024-07-04,676.7,2024-08-03,607.7,0.8980345795773608
TGKA,2022-07-18,0.007936,2022-08-17,0.007848,0.9889112903225808
TGKN,2023-06-16,0.00983,2023-07-16,0.01175,1.195320447609359
TGKN,2023-08-14,0.0208,2023-09-13,0.02035,0.9783653846153848
TGKN,2024-06-04,0.01278,2024-07-04,0.011,0.8607198748043818
TORS,2022-12-17,0.281,2023-01-16,0.306,1.088967971530249
TORS,2023-06-30,0.633,2023-07-30,0.845,1.334913112164297
TORSP,2022-12-17,0.2625,2023-01-16,0.26,0.9904761904761904
TORSP,2023-06-30,0.409,2023-07-30,0.488,1.1931540342298288
TRMK,2022-05-27,56.2,2022-06-26,57.78,1.0281138790035589
TRMK,2022-09-09,77.98,2022-10-09,58.6,0.75147473711208
TRMK,2023-01-31,83.58,2023-03-02,86.92,1.0399617133285477
TRMK,2023-09-05,260.1,2023-10-05,209.34,0.8048442906574393
TRMK,2024-06-04,196.1,2024-07-04,187.8,0.9576746557878634
TTLK,2022-05-18,0.577,2022-06-17,0.4935,0.8552859618717504
TTLK,2023-04-18,0.792,2023-05-18,0.7455,0.9412878787878788
TTLK,2024-05-27,0.934,2024-06-26,0.89,0.9528907922912204
USBN,2024-06-04,0.2221,2024-07-04,0.1927,0.8676271949572265
VRSB,2022-07-14,151.0,2022-08-13,147.8,0.9788079470198676
VRSB,2023-05-22,352.2,2023-06-21,346.4,0.9835320840431572
VRSBP,2022-07-14,58.6,2022-08-13,60.6,1.0341296928327646
VRSBP,2023-05-22,98.2,2023-06-21,102.8,1.0468431771894091
VSMO,2022-07-11,57060.0,2022-08-10,57580.0,1.0091132141605328
VSMO,2023-06-05,49040.0,2023-07-05,49100.0,1.0012234910277324
VSMO,2024-06-03,34220.0,2024-07-03,33180.0,0.9696084161309176
WTCM,2022-05-04,8.58,2022-06-03,7.72,0.8997668997668997
WTCM,2023-05-10,10.16,2023-06-09,12.56,1.236220472440945
WTCMP,2022-05-04,7.94,2022-06-03,6.88,0.8664987405541561
WTCMP,2023-05-10,7.78,2023-06-09,10.0,1.2853470437017995
CHMF,2024-09-10,1254.2,2024-10-10,1239.0,0.9878807207781852
GMKN,2022-01-14,22648.0,2022-02-13,21688.0,0.9576121511833274
GMKN,2022-06-14,19102.0,2022-07-14,15302.0,0.8010679509998953
GMKN,2023-12-26,16360.0,2024-01-25,15986.0,0.9771393643031784
TRNFP,2022-07-20,113550.0,2022-08-19,99150.0,0.8731836195508587
TRNFP,2023-07-20,123900.0,2023-08-19,116350.0,0.9390637610976594
TRNFP,2024-07-19,1380.0,2024-08-18,1374.5,0.9960144927536232
TGKN,2024-09-17,0.01069,2024-10-17,0.00963,0.900841908325538
YDEX,2024-09-20,4100.0,2024-10-20,3968.5,0.9679268292682928
DIAS,2024-09-22,5672.5,2024-10-22,4994.5,0.8804759806081974
RTKM,2024-09-27,76.67,2024-10-27,66.09,0.8620059997391418
RTKMP,2024-09-27,70.75,2024-10-27,61.15,0.8643109540636043
GCHE,2024-09-29,4445.0,2024-10-29,4067.0,0.9149606299212598
AVAN,2024-10-02,725.0,2024-11-01,830.0,1.1448275862068966
AQUA,2024-10-06,616.0,2024-11-05,582.0,0.9448051948051948
NKHP,2024-10-07,762.0,2024-11-06,690.5,0.9061679790026248
TATNP,2024-10-08,621.1,2024-11-07,568.0,0.9145065206891
NVTK,2024-10-11,957.8,2024-11-10,944.8,0.986427229066611
SIBN,2024-10-14,652.1,2024-11-13,577.6,0.8857537187547923
ALRS,2024-10-19,52.3,2024-11-18,52.4,1.001912045889101
MAGN,2024-10-17,40.655,2024-11-16,37.985,0.9343254212274013
TATN,2023-07-11,490.7,2023-08-10,574.9,1.1715916038312617
TATN,2024-07-09,660.5,2024-08-08,613.8,0.9292959878879636
TATN,2024-10-08,622.6,2024-11-07,578.0,0.9283649212977836
TATNP,2023-07-11,487.6,2023-08-10,553.8,1.1357670221493026
TATNP,2024-07-09,639.1,2024-08-08,600.6,0.9397590361445785
MDMG,2022-11-07,484.5,2022-12-07,428.8,0.8850361197110423
MDMG,2024-06-20,843.6,2024-07-20,842.5,0.9986960644855382
ZAYM,2024-04-26,233.15,2024-05-26,204.05,0.8751876474372722
ZAYM,2024-10-06,161.25,2024-11-05,141.0,0.8744186046511628
TCSG,2024-11-25,2339.6,2024-12-25,2384.8,1.0193195418020176
